{
  "pool_size": 8132,
  "tiers": {
    "P-A": 32,
    "rich": 8100
  },
  "K_selected": 48,
  "phi_pi": [
    0.3,
    0.32,
    0.34,
    0.36,
    0.38,
    0.4,
    0.42,
    0.44,
    0.46,
    0.48,
    0.5,
    0.52,
    0.54,
    0.56,
    0.58,
    0.6
  ],
  "infid_K32": [
    0.008014371757924743,
    0.01019117807819414,
    0.010480933680325433,
    0.01432388459835443,
    0.013642032260468784,
    0.01792719200751569,
    0.024736271516492714,
    0.02872230029749545,
    0.05511359550378003,
    0.1328027219606268,
    0.36159472211838917,
    0.6675575489597232,
    0.8591110127419139,
    0.9233075103953676,
    0.9542998079565674,
    0.9675258570480437
  ],
  "infid_Ksel": [
    0.0039309245468949205,
    0.004549089744646406,
    0.004297341609107552,
    0.004774067698931739,
    0.004664709848329229,
    0.005070979894386096,
    0.0051548625381534485,
    0.005220853217339894,
    0.005879915610734976,
    0.008094890248246833,
    0.01679290075033102,
    0.03167492159124918,
    0.039678910298089454,
    0.04287624777803867,
    0.04409567351582355,
    0.044711767113240874
  ],
  "worst_all_K32": 0.9675258570480437,
  "worst_all_Ksel": 0.044711767113240874,
  "worst_gate1_K32": 0.6675575489597232,
  "worst_gate1_Ksel": 0.03167492159124918,
  "curve": [
    [
      32,
      0.9675258570480437
    ],
    [
      33,
      0.3727962593993852
    ],
    [
      34,
      0.22655248092364633
    ],
    [
      35,
      0.13096586982091118
    ],
    [
      36,
      0.13084378957533016
    ],
    [
      37,
      0.06673574412569439
    ],
    [
      38,
      0.0641844087325032
    ],
    [
      39,
      0.06397022922872198
    ],
    [
      40,
      0.050154670412187685
    ],
    [
      41,
      0.04726541759153924
    ],
    [
      42,
      0.04725724665121178
    ],
    [
      43,
      0.047219508413908984
    ],
    [
      44,
      0.04705754558793762
    ],
    [
      45,
      0.04611108596649216
    ],
    [
      46,
      0.046107149698154326
    ],
    [
      47,
      0.045377603011762746
    ],
    [
      48,
      0.044711767113240874
    ],
    [
      49,
      0.044551840285006805
    ],
    [
      50,
      0.0445202523760142
    ],
    [
      51,
      0.04440840356319664
    ],
    [
      52,
      0.044348795577143996
    ],
    [
      53,
      0.04434385333780311
    ],
    [
      54,
      0.04434025253811269
    ],
    [
      55,
      0.04433986521191047
    ],
    [
      56,
      0.044328116988897825
    ],
    [
      57,
      0.04431234638808412
    ],
    [
      58,
      0.044285843411680625
    ],
    [
      59,
      0.04427155133119631
    ],
    [
      60,
      0.04424573130818421
    ],
    [
      61,
      0.044219609553011185
    ],
    [
      62,
      0.04421793736611879
    ],
    [
      63,
      0.04421695779693402
    ],
    [
      64,
      0.04420698504608034
    ]
  ],
  "milestones": {},
  "gram_lambda_min": 0.002078625358084168,
  "gram_lambda_max": 6.305121870893117,
  "init_fidelity": 0.9999931233213402,
  "u_floor": 4.954663470708722e-05,
  "selected": [
    {
      "tier": "P-A",
      "b0": 0.5743667774386964,
      "r0": 0.0,
      "b1": 0.5743667774386964,
      "r1": 8.0,
      "forced": true
    },
    {
      "tier": "P-A",
      "b0": 0.5743667774386964,
      "r0": 0.0,
      "b1": 2.1961082666773684,
      "r1": 8.0,
      "forced": true
    },
    {
      "tier": "P-A",
      "b0": 2.1961082666773684,
      "r0": 0.0,
      "b1": 0.5743667774386964,
      "r1": 8.0,
      "forced": true
    },
    {
      "tier": "P-A",
      "b0": 2.1961082666773684,
      "r0": 0.0,
      "b1": 2.1961082666773684,
      "r1": 8.0,
      "forced": true
    },
    {
      "tier": "P-A",
      "b0": 0.5743667774386964,
      "r0": 0.0,
      "b1": 2.1961082666773684,
      "r1": 9.5,
      "forced": true
    },
    {
      "tier": "P-A",
      "b0": 2.1961082666773684,
      "r0": 1.5,
      "b1": 0.5743667774386964,
      "r1": 8.0,
      "forced": true
    },
    {
      "tier": "P-A",
      "b0": 0.5743667774386964,
      "r0": 0.0,
      "b1": 2.1961082666773684,
      "r1": 6.5,
      "forced": true
    },
    {
      "tier": "P-A",
      "b0": 2.1961082666773684,
      "r0": -1.5,
      "b1": 0.5743667774386964,
      "r1": 8.0,
      "forced": true
    },
    {
      "tier": "P-A",
      "b0": 0.5743667774386964,
      "r0": 0.0,
      "b1": 1.4359169435967407,
      "r1": 10.5,
      "forced": true
    },
    {
      "tier": "P-A",
      "b0": 1.4359169435967407,
      "r0": 2.5,
      "b1": 0.5743667774386964,
      "r1": 8.0,
      "forced": true
    },
    {
      "tier": "P-A",
      "b0": 0.5743667774386964,
      "r0": 0.0,
      "b1": 1.4359169435967407,
      "r1": 5.5,
      "forced": true
    },
    {
      "tier": "P-A",
      "b0": 1.4359169435967407,
      "r0": -2.5,
      "b1": 0.5743667774386964,
      "r1": 8.0,
      "forced": true
    },
    {
      "tier": "P-A",
      "b0": 2.1961082666773684,
      "r0": 1.5,
      "b1": 2.1961082666773684,
      "r1": 8.0,
      "forced": true
    },
    {
      "tier": "P-A",
      "b0": 2.1961082666773684,
      "r0": 0.0,
      "b1": 2.1961082666773684,
      "r1": 9.5,
      "forced": true
    },
    {
      "tier": "P-A",
      "b0": 2.1961082666773684,
      "r0": -1.5,
      "b1": 2.1961082666773684,
      "r1": 8.0,
      "forced": true
    },
    {
      "tier": "P-A",
      "b0": 2.1961082666773684,
      "r0": 0.0,
      "b1": 2.1961082666773684,
      "r1": 6.5,
      "forced": true
    },
    {
      "tier": "P-A",
      "b0": 0.5743667774386964,
      "r0": -2.0,
      "b1": 0.5743667774386964,
      "r1": 8.0,
      "forced": true
    },
    {
      "tier": "P-A",
      "b0": 2.1961082666773684,
      "r0": -2.0,
      "b1": 0.5743667774386964,
      "r1": 8.0,
      "forced": true
    },
    {
      "tier": "P-A",
      "b0": 0.5743667774386964,
      "r0": -4.0,
      "b1": 0.5743667774386964,
      "r1": 8.0,
      "forced": true
    },
    {
      "tier": "P-A",
      "b0": 2.1961082666773684,
      "r0": -4.0,
      "b1": 0.5743667774386964,
      "r1": 8.0,
      "forced": true
    },
    {
      "tier": "P-A",
      "b0": 0.5743667774386964,
      "r0": -6.0,
      "b1": 0.5743667774386964,
      "r1": 8.0,
      "forced": true
    },
    {
      "tier": "P-A",
      "b0": 2.1961082666773684,
      "r0": -6.0,
      "b1": 0.5743667774386964,
      "r1": 8.0,
      "forced": true
    },
    {
      "tier": "P-A",
      "b0": 0.5743667774386964,
      "r0": -8.0,
      "b1": 0.5743667774386964,
      "r1": 8.0,
      "forced": true
    },
    {
      "tier": "P-A",
      "b0": 2.1961082666773684,
      "r0": -8.0,
      "b1": 0.5743667774386964,
      "r1": 8.0,
      "forced": true
    },
    {
      "tier": "P-A",
      "b0": 0.5743667774386964,
      "r0": 0.0,
      "b1": 0.5743667774386964,
      "r1": 6.0,
      "forced": true
    },
    {
      "tier": "P-A",
      "b0": 0.5743667774386964,
      "r0": 0.0,
      "b1": 2.1961082666773684,
      "r1": 6.0,
      "forced": true
    },
    {
      "tier": "P-A",
      "b0": 0.5743667774386964,
      "r0": 0.0,
      "b1": 0.5743667774386964,
      "r1": 4.0,
      "forced": true
    },
    {
      "tier": "P-A",
      "b0": 0.5743667774386964,
      "r0": 0.0,
      "b1": 2.1961082666773684,
      "r1": 4.0,
      "forced": true
    },
    {
      "tier": "P-A",
      "b0": 0.5743667774386964,
      "r0": 0.0,
      "b1": 0.5743667774386964,
      "r1": 2.0,
      "forced": true
    },
    {
      "tier": "P-A",
      "b0": 0.5743667774386964,
      "r0": 0.0,
      "b1": 2.1961082666773684,
      "r1": 2.0,
      "forced": true
    },
    {
      "tier": "P-A",
      "b0": 0.5743667774386964,
      "r0": 0.0,
      "b1": 0.5743667774386964,
      "r1": 0.0,
      "forced": true
    },
    {
      "tier": "P-A",
      "b0": 0.5743667774386964,
      "r0": 0.0,
      "b1": 2.1961082666773684,
      "r1": 0.0,