{
  "VS_Ers": 10.0,
  "VL_Ers": 5.0,
  "VL_Erl": 20.0,
  "E_rs_Hz": 3902.299091856614,
  "hbar_over_Ers_us": 40.784916621081834,
  "T_code_factor": 3.242277876554809,
  "J1_0": 0.060742473681246634,
  "J2_0": 0.0050964036611292896,
  "J1J2_ratio_0": 11.918693596532535,
  "Delta_max": 4.519440539836278,
  "g12_pump": 0.11129214004032129,
  "g23_pump": 1.0499682376805555,
  "g0": 0.13167775468475185,
  "gpi": 0.11129214004023469,
  "eta": 179.51016454386672,
  "rm_err_max": 0.0034605214075690005,
  "J1_0_Hz": 237.035299883453,
  "Delta_max_Hz": 17636.208714303073,
  "g12_pump_Hz": 434.2952170101248,
  "demo": {
    "Tpi": 400.0,
    "uniform": {
      "f": 0.42275110376171776,
      "P0": 0.8530335274768033
    },
    "adaptive": {
      "f": 0.999931992051658,
      "P0": 0.9993531050869713
    },
    "Tpi2000_uniform": {
      "f": 0.9359547812910421,
      "P0": 0.9602315923781339
    },
    "Tpi2000_adaptive": {
      "f": 0.9999464991921254,
      "P0": 0.999982677105809
    }
  },
  "scan": {
    "T_uni": [
      100,
      200,
      400,
      600,
      800,
      1000,
      1400,
      1800,
      2200,
      2600,
      3000,
      3600,
      4000,
      4400,
      4800
    ],
    "P0_uni": [
      0.8580971217769437,
      0.5077481970025479,
      0.8421919079810919,
      0.7973154524659437,
      0.7998814781129475,
      0.8554820679563006,
      0.8607958557127826,
      0.9279880681593329,
      0.9396326965009556,
      0.9651616710579526,
      0.9686710575550366,
      0.9835329606750034,
      0.9917936666502541,
      0.9903349288426093,
      0.9913714785254135
    ],
    "f_uni": [
      0.13474788471330715,
      0.32781093853541704,
      0.4403630735287035,
      0.4878783716658319,
      0.6500900963362582,
      0.7191158674033793,
      0.8268089622536933,
      0.9027272688295089,
      0.9259314337234879,
      0.9500372924509511,
      0.9672554365475722,
      0.9795119554756486,
      0.9777811374926908,
      0.9869471856773683,
      0.9908261205755883
    ],
    "T_ada": [
      50,
      100,
      150,
      200,
      300,
      400,
      600,
      800
    ],
    "P0_ada": [
      0.947587203916434,
      0.982556987535825,
      0.9968795824593589,
      0.9962271742305262,
      0.9991727984390751,
      0.9993520800571778,
      0.9997408585292815,
      0.9998247978687715
    ],
    "f_ada": [
      0.936968862220263,
      0.9885652452477787,
      1.0074890778035401,
      0.9943057601382842,
      1.000896011052861,
      0.9999116961738636,
      1.0006879657272565,
      0.9988984174545573
    ]
  },
  "T99_uni_pi": 4000.0,
  "T99_ada_pi": 150.0,
  "T999_ada_pi": 300.0,
  "T_bare_LZ_pi": 359.02032908773344,
  "ms_per_pi_unit": 0.12812959443406294,
  "T99_uni_ms": 512.5183777362518,
  "T99_ada_ms": 19.219439165109442
}